{"cameraMode":{"drawMode":0,"name":"Shaded","section":"Shading Mode"},"sceneLighting":true,"audioPlay":false,"sceneViewState":{"showFog":false,"showMaterialUpdate":false,"showSkybox":true,"showFlares":false,"showImageEffects":false,"showParticleSystems":false},"in2DMode":false,"pivot":{"x":-7.340631484985352,"y":6.137133598327637,"z":4.510092735290527},"rotation":{"x":0.09714730083942414,"y":0.8895202875137329,"z":-0.22363826632499696,"w":0.38640305399894717},"size":2.1073954105377199,"orthographic":false}